series,method,logpdf,n,stratum
RIMLPBAARNB,laplace,3.349593,150,rho-0.2..-0.05|cts
RIMLPBAARNB,raw,3.263827,150,rho-0.2..-0.05|cts
RIMLPBAARNB,sand,3.326291,150,rho-0.2..-0.05|cts
RIMLPBAARNB,solo,3.336112,150,rho-0.2..-0.05|cts
SOFR1,laplace,4.131927,150,rho-0.2..-0.05|mixed
SOFR1,raw,2.387694,150,rho-0.2..-0.05|mixed
SOFR1,sand,4.148683,150,rho-0.2..-0.05|mixed
SOFR1,solo,4.093698,150,rho-0.2..-0.05|mixed
DCD90,laplace,5.227811,150,rho-0.2..-0.05|repeat
DCD90,raw,4.148337,150,rho-0.2..-0.05|repeat
DCD90,sand,5.370344,150,rho-0.2..-0.05|repeat
DCD90,solo,5.575163,150,rho-0.2..-0.05|repeat
T5YIE,laplace,3.417024,150,rho0.05..0.2|cts
T5YIE,raw,2.072246,150,rho0.05..0.2|cts
T5YIE,sand,3.389349,150,rho0.05..0.2|cts
T5YIE,solo,3.398861,150,rho0.05..0.2|cts
DTP10J16,laplace,0.181264,150,rho0.05..0.2|mixed
DTP10J16,raw,-0.266705,150,rho0.05..0.2|mixed
DTP10J16,sand,0.225152,150,rho0.05..0.2|mixed
DTP10J16,solo,0.223973,150,rho0.05..0.2|mixed
FINBETAD678FRBCLE,laplace,6.067672,150,rho0.05..0.2|repeat
FINBETAD678FRBCLE,raw,4.330031,150,rho0.05..0.2|repeat
FINBETAD678FRBCLE,sand,6.088691,150,rho0.05..0.2|repeat
FINBETAD678FRBCLE,solo,6.203245,150,rho0.05..0.2|repeat
TEDRATE,laplace,2.751745,150,rho<-0.2|cts
TEDRATE,raw,0.895525,150,rho<-0.2|cts
TEDRATE,sand,2.733135,150,rho<-0.2|cts
TEDRATE,solo,2.772944,150,rho<-0.2|cts
FINGT80AAAMT,laplace,-5.534757,150,rho<-0.2|mixed
FINGT80AAAMT,raw,-6.194957,150,rho<-0.2|mixed
FINGT80AAAMT,sand,-5.461975,150,rho<-0.2|mixed
FINGT80AAAMT,solo,-5.435914,150,rho<-0.2|mixed
EFFRH,laplace,4.827655,150,rho<-0.2|repeat
EFFRH,raw,3.891361,150,rho<-0.2|repeat
EFFRH,sand,6.249058,150,rho<-0.2|repeat
EFFRH,solo,6.266417,150,rho<-0.2|repeat
WDCD678FRBCLE,laplace,1.828887,150,rho>0.2|cts
WDCD678FRBCLE,raw,1.775641,150,rho>0.2|cts
WDCD678FRBCLE,sand,1.894593,150,rho>0.2|cts
WDCD678FRBCLE,solo,1.876488,150,rho>0.2|cts
RIFSPPAAAD15NB,laplace,4.429607,150,rho>0.2|mixed
RIFSPPAAAD15NB,raw,3.641594,150,rho>0.2|mixed
RIFSPPAAAD15NB,sand,4.458059,150,rho>0.2|mixed
RIFSPPAAAD15NB,solo,4.433053,150,rho>0.2|mixed
DSWP7,laplace,2.381950,150,rho~0|cts
DSWP7,raw,2.158205,150,rho~0|cts
DSWP7,sand,2.375587,150,rho~0|cts
DSWP7,solo,2.382884,150,rho~0|cts
IUDSOIA,laplace,5.682622,150,rho~0|mixed
IUDSOIA,raw,6.936516,150,rho~0|mixed
IUDSOIA,sand,6.368739,150,rho~0|mixed
IUDSOIA,solo,6.053468,150,rho~0|mixed
LUXRECD,laplace,11.783058,150,rho~0|repeat
LUXRECD,raw,19.002157,150,rho~0|repeat
LUXRECD,sand,18.649281,150,rho~0|repeat
LUXRECD,solo,18.206789,150,rho~0|repeat
DFII30,laplace,3.318712,150,rho-0.2..-0.05|cts
DFII30,raw,2.070154,150,rho-0.2..-0.05|cts
DFII30,sand,3.318848,150,rho-0.2..-0.05|cts
DFII30,solo,3.325299,150,rho-0.2..-0.05|cts
RIFSPPFAAD15NB,laplace,3.882654,150,rho-0.2..-0.05|mixed
RIFSPPFAAD15NB,raw,3.097681,150,rho-0.2..-0.05|mixed
RIFSPPFAAD15NB,sand,3.783302,150,rho-0.2..-0.05|mixed
RIFSPPFAAD15NB,solo,3.845989,150,rho-0.2..-0.05|mixed
DCD1M,laplace,5.423327,150,rho-0.2..-0.05|repeat
DCD1M,raw,5.372641,150,rho-0.2..-0.05|repeat
DCD1M,sand,6.322633,150,rho-0.2..-0.05|repeat
DCD1M,solo,6.331127,150,rho-0.2..-0.05|repeat
KCPRU,laplace,1.934829,150,rho0.05..0.2|cts
KCPRU,raw,1.823971,150,rho0.05..0.2|cts
KCPRU,sand,1.932168,150,rho0.05..0.2|cts
KCPRU,solo,1.945765,150,rho0.05..0.2|cts
RIFSPPAAAD60NB,laplace,3.955307,150,rho0.05..0.2|mixed
RIFSPPAAAD60NB,raw,3.457032,150,rho0.05..0.2|mixed
RIFSPPAAAD60NB,sand,3.942700,150,rho0.05..0.2|mixed
RIFSPPAAAD60NB,solo,3.928526,150,rho0.05..0.2|mixed
DED1,laplace,14.127962,150,rho0.05..0.2|repeat
DED1,raw,7.197345,150,rho0.05..0.2|repeat
DED1,sand,17.528565,150,rho0.05..0.2|repeat
DED1,solo,17.393997,150,rho0.05..0.2|repeat
RRPTSYD,laplace,-3.229024,150,rho<-0.2|cts
RRPTSYD,raw,-3.228787,150,rho<-0.2|cts
RRPTSYD,sand,-2.987460,150,rho<-0.2|cts
RRPTSYD,solo,-3.129495,150,rho<-0.2|cts
CPFF,laplace,1.500977,150,rho<-0.2|mixed
CPFF,raw,1.443433,150,rho<-0.2|mixed
CPFF,sand,1.533564,150,rho<-0.2|mixed
CPFF,solo,1.519125,150,rho<-0.2|mixed
IUDZLS6,laplace,7.938312,150,rho<-0.2|repeat
IUDZLS6,raw,5.280932,150,rho<-0.2|repeat
IUDZLS6,sand,8.311316,150,rho<-0.2|repeat
IUDZLS6,solo,9.213649,150,rho<-0.2|repeat
RIFSPPNA2P2D07NB,laplace,3.921266,150,rho>0.2|cts
RIFSPPNA2P2D07NB,raw,3.547515,150,rho>0.2|cts
RIFSPPNA2P2D07NB,sand,3.903459,150,rho>0.2|cts
RIFSPPNA2P2D07NB,solo,3.890954,150,rho>0.2|cts
CBSD678FRBCLE,laplace,4.274695,150,rho>0.2|mixed
CBSD678FRBCLE,raw,3.948059,150,rho>0.2|mixed
CBSD678FRBCLE,sand,4.223354,150,rho>0.2|mixed
CBSD678FRBCLE,solo,4.246730,150,rho>0.2|mixed
DFII7,laplace,2.415136,150,rho~0|cts
DFII7,raw,1.837641,150,rho~0|cts
DFII7,sand,2.425979,150,rho~0|cts
DFII7,solo,2.428116,150,rho~0|cts
TGCR99THPERCENTILE,laplace,4.309704,150,rho~0|mixed
TGCR99THPERCENTILE,raw,3.632027,150,rho~0|mixed
TGCR99THPERCENTILE,sand,4.339529,150,rho~0|mixed
TGCR99THPERCENTILE,solo,4.269515,150,rho~0|mixed
DEURECDP,laplace,25.766094,150,rho~0|repeat
DEURECDP,raw,19.804327,150,rho~0|repeat
DEURECDP,sand,26.127336,150,rho~0|repeat
DEURECDP,solo,22.862261,150,rho~0|repeat
DGS1,laplace,3.636505,150,rho-0.2..-0.05|cts
DGS1,raw,3.321000,150,rho-0.2..-0.05|cts
DGS1,sand,3.638327,150,rho-0.2..-0.05|cts
DGS1,solo,3.625431,150,rho-0.2..-0.05|cts
DSWP1,laplace,3.223100,150,rho-0.2..-0.05|mixed
DSWP1,raw,2.412218,150,rho-0.2..-0.05|mixed
DSWP1,sand,3.209499,150,rho-0.2..-0.05|mixed
DSWP1,solo,3.183477,150,rho-0.2..-0.05|mixed
DDFUELUSGULF,laplace,1.816134,150,rho0.05..0.2|cts
DDFUELUSGULF,raw,1.659852,150,rho0.05..0.2|cts
DDFUELUSGULF,sand,1.793271,150,rho0.05..0.2|cts
DDFUELUSGULF,solo,1.801117,150,rho0.05..0.2|cts
DTP10L16,laplace,0.195248,150,rho0.05..0.2|mixed
DTP10L16,raw,-0.118255,150,rho0.05..0.2|mixed
DTP10L16,sand,0.231458,150,rho0.05..0.2|mixed
DTP10L16,solo,0.228237,150,rho0.05..0.2|mixed
OBFR1,laplace,6.198081,150,rho0.05..0.2|repeat
OBFR1,raw,4.158438,150,rho0.05..0.2|repeat
OBFR1,sand,6.311357,150,rho0.05..0.2|repeat
OBFR1,solo,6.113455,150,rho0.05..0.2|repeat
SOFRVOL,laplace,2.564876,150,rho<-0.2|cts
SOFRVOL,raw,2.652661,150,rho<-0.2|cts
SOFRVOL,sand,2.597280,150,rho<-0.2|cts
SOFRVOL,solo,2.582076,150,rho<-0.2|cts
RPTSYD,laplace,1.259790,150,rho<-0.2|mixed
RPTSYD,raw,0.804471,150,rho<-0.2|mixed
RPTSYD,sand,1.600851,150,rho<-0.2|mixed
RPTSYD,solo,1.587504,150,rho<-0.2|mixed
RPONAGYD,laplace,8.195370,150,rho<-0.2|repeat
RPONAGYD,raw,7.286438,150,rho<-0.2|repeat
RPONAGYD,sand,8.683862,150,rho<-0.2|repeat
RPONAGYD,solo,8.738729,150,rho<-0.2|repeat
THREEFFTP8,laplace,2.423449,150,rho>0.2|cts
THREEFFTP8,raw,2.406160,150,rho>0.2|cts
THREEFFTP8,sand,2.391991,150,rho>0.2|cts
THREEFFTP8,solo,2.376199,150,rho>0.2|cts
LQTYSD678FRBCLE,laplace,5.558800,150,rho>0.2|mixed
LQTYSD678FRBCLE,raw,2.973098,150,rho>0.2|mixed
LQTYSD678FRBCLE,sand,5.881604,150,rho>0.2|mixed
LQTYSD678FRBCLE,solo,5.820111,150,rho>0.2|mixed
DDFUELLA,laplace,1.755640,150,rho~0|cts
DDFUELLA,raw,1.597519,150,rho~0|cts
DDFUELLA,sand,1.741367,150,rho~0|cts
DDFUELLA,solo,1.743442,150,rho~0|cts
DTB4WK,laplace,5.183272,150,rho~0|mixed
DTB4WK,raw,2.777798,150,rho~0|mixed
DTB4WK,sand,5.202256,150,rho~0|mixed
DTB4WK,solo,5.194762,150,rho~0|mixed
OECDNMERECDM,laplace,15.467807,150,rho~0|repeat
OECDNMERECDM,raw,19.804327,150,rho~0|repeat
OECDNMERECDM,sand,22.330339,150,rho~0|repeat
OECDNMERECDM,solo,20.922084,150,rho~0|repeat
RIFSPPAAAD30NB,laplace,3.554929,150,rho-0.2..-0.05|cts
RIFSPPAAAD30NB,raw,3.112918,150,rho-0.2..-0.05|cts
RIFSPPAAAD30NB,sand,3.530482,150,rho-0.2..-0.05|cts
RIFSPPAAAD30NB,solo,3.529717,150,rho-0.2..-0.05|cts
DTB3,laplace,5.342523,150,rho-0.2..-0.05|mixed
DTB3,raw,2.781882,150,rho-0.2..-0.05|mixed
DTB3,sand,5.364664,150,rho-0.2..-0.05|mixed
DTB3,solo,5.368741,150,rho-0.2..-0.05|mixed
IHLIDXUSTPDRIV,laplace,3.889719,150,rho0.05..0.2|cts
IHLIDXUSTPDRIV,raw,4.059413,150,rho0.05..0.2|cts
IHLIDXUSTPDRIV,sand,4.201037,150,rho0.05..0.2|cts
IHLIDXUSTPDRIV,solo,4.196318,150,rho0.05..0.2|cts
RIFSPPNA2P2D01NB,laplace,5.976406,150,rho0.05..0.2|mixed
RIFSPPNA2P2D01NB,raw,4.460943,150,rho0.05..0.2|mixed
RIFSPPNA2P2D01NB,sand,6.013196,150,rho0.05..0.2|mixed
RIFSPPNA2P2D01NB,solo,5.973137,150,rho0.05..0.2|mixed
IBCOBD678FRBCLE,laplace,4.728640,150,rho0.05..0.2|repeat
IBCOBD678FRBCLE,raw,3.143255,150,rho0.05..0.2|repeat
IBCOBD678FRBCLE,sand,4.769308,150,rho0.05..0.2|repeat
IBCOBD678FRBCLE,solo,4.681598,150,rho0.05..0.2|repeat
IUDZLT2,laplace,-9.450550,150,rho<-0.2|cts
IUDZLT2,raw,-9.378587,150,rho<-0.2|cts
IUDZLT2,sand,-9.387842,150,rho<-0.2|cts
IUDZLT2,solo,-9.380011,150,rho<-0.2|cts
EFFRL,laplace,3.608574,150,rho<-0.2|mixed
EFFRL,raw,2.181808,150,rho<-0.2|mixed
EFFRL,sand,3.623036,150,rho<-0.2|mixed
EFFRL,solo,3.602995,150,rho<-0.2|mixed
JPINTDUSDJPY,laplace,9.232673,150,rho<-0.2|repeat
JPINTDUSDJPY,raw,19.804327,150,rho<-0.2|repeat
JPINTDUSDJPY,sand,10.719680,150,rho<-0.2|repeat
JPINTDUSDJPY,solo,12.674096,150,rho<-0.2|repeat
ABSSD678FRBCLE,laplace,2.596090,150,rho>0.2|cts
ABSSD678FRBCLE,raw,2.510395,150,rho>0.2|cts
ABSSD678FRBCLE,sand,2.577094,150,rho>0.2|cts
ABSSD678FRBCLE,solo,2.595658,150,rho>0.2|cts
IBMRKTSD678FRBCLE,laplace,4.318552,150,rho>0.2|mixed
IBMRKTSD678FRBCLE,raw,4.097150,150,rho>0.2|mixed
IBMRKTSD678FRBCLE,sand,4.337063,150,rho>0.2|mixed
IBMRKTSD678FRBCLE,solo,4.355689,150,rho>0.2|mixed
RIFSPPNA2P2D30NB,laplace,4.049321,150,rho~0|cts
RIFSPPNA2P2D30NB,raw,3.555982,150,rho~0|cts
RIFSPPNA2P2D30NB,sand,4.058449,150,rho~0|cts
RIFSPPNA2P2D30NB,solo,4.046332,150,rho~0|cts
RIFSPPNAAD01NB,laplace,4.027578,150,rho~0|mixed
RIFSPPNAAD01NB,raw,3.298006,150,rho~0|mixed
RIFSPPNAAD01NB,sand,4.149017,150,rho~0|mixed
RIFSPPNAAD01NB,solo,4.137493,150,rho~0|mixed
CHLRECDP,laplace,14.907972,150,rho~0|repeat
CHLRECDP,raw,13.966350,150,rho~0|repeat
CHLRECDP,sand,18.942630,150,rho~0|repeat
CHLRECDP,solo,12.876178,150,rho~0|repeat
DLTIIT,laplace,2.721811,150,rho-0.2..-0.05|cts
DLTIIT,raw,2.002680,150,rho-0.2..-0.05|cts
DLTIIT,sand,2.712295,150,rho-0.2..-0.05|cts
DLTIIT,solo,2.718547,150,rho-0.2..-0.05|cts
DGS6MO,laplace,4.953720,150,rho-0.2..-0.05|mixed
DGS6MO,raw,3.899683,150,rho-0.2..-0.05|mixed
DGS6MO,sand,4.949663,150,rho-0.2..-0.05|mixed
DGS6MO,solo,4.980874,150,rho-0.2..-0.05|mixed
DTP5A13,laplace,0.239354,150,rho0.05..0.2|cts
DTP5A13,raw,0.064352,150,rho0.05..0.2|cts
DTP5A13,sand,0.305525,150,rho0.05..0.2|cts
DTP5A13,solo,0.260707,150,rho0.05..0.2|cts
CMBSSD678FRBCLE,laplace,4.096725,150,rho0.05..0.2|repeat
CMBSSD678FRBCLE,raw,2.736980,150,rho0.05..0.2|repeat
CMBSSD678FRBCLE,sand,4.082255,150,rho0.05..0.2|repeat
CMBSSD678FRBCLE,solo,4.007738,150,rho0.05..0.2|repeat
AB59AAAMT,laplace,-9.285218,150,rho<-0.2|cts
AB59AAAMT,raw,-8.886120,150,rho<-0.2|cts
AB59AAAMT,sand,-8.836640,150,rho<-0.2|cts
AB59AAAMT,solo,-8.815270,150,rho<-0.2|cts
RPTTLD,laplace,0.074160,150,rho<-0.2|mixed
RPTTLD,raw,0.138400,150,rho<-0.2|mixed
RPTTLD,sand,0.529678,150,rho<-0.2|mixed
RPTTLD,solo,0.404459,150,rho<-0.2|mixed
MEXINTDUSD,laplace,-1.484746,150,rho<-0.2|repeat
MEXINTDUSD,raw,-2.948665,150,rho<-0.2|repeat
MEXINTDUSD,sand,2.095899,150,rho<-0.2|repeat
MEXINTDUSD,solo,2.661846,150,rho<-0.2|repeat
SMRKTD678FRBCLE,laplace,4.135892,150,rho>0.2|cts
SMRKTD678FRBCLE,raw,4.089364,150,rho>0.2|cts
SMRKTD678FRBCLE,sand,4.107803,150,rho>0.2|cts
SMRKTD678FRBCLE,solo,4.126078,150,rho>0.2|cts
CFSI,laplace,3.627772,150,rho>0.2|mixed
CFSI,raw,2.475456,150,rho>0.2|mixed
CFSI,sand,3.654882,150,rho>0.2|mixed
CFSI,solo,3.669863,150,rho>0.2|mixed
AAA10Y,laplace,3.190448,150,rho~0|cts
AAA10Y,raw,2.491999,150,rho~0|cts
AAA10Y,sand,3.180532,150,rho~0|cts
AAA10Y,solo,3.175595,150,rho~0|cts
DTP10L17,laplace,0.320993,150,rho~0|mixed
DTP10L17,raw,-0.149205,150,rho~0|mixed
DTP10L17,sand,0.366843,150,rho~0|mixed
DTP10L17,solo,0.372988,150,rho~0|mixed
TGCR75THPERCENTILE,laplace,3.914489,150,rho~0|repeat
TGCR75THPERCENTILE,raw,3.418591,150,rho~0|repeat
TGCR75THPERCENTILE,sand,3.967993,150,rho~0|repeat
TGCR75THPERCENTILE,solo,3.051586,150,rho~0|repeat
DTP10J22,laplace,-0.222491,150,rho-0.2..-0.05|cts
DTP10J22,raw,-0.563211,150,rho-0.2..-0.05|cts
DTP10J22,sand,-0.232712,150,rho-0.2..-0.05|cts
DTP10J22,solo,-0.231639,150,rho-0.2..-0.05|cts
DGS3MO,laplace,4.952049,150,rho-0.2..-0.05|mixed
DGS3MO,raw,2.685061,150,rho-0.2..-0.05|mixed
DGS3MO,sand,4.947091,150,rho-0.2..-0.05|mixed
DGS3MO,solo,4.953336,150,rho-0.2..-0.05|mixed
THREEFY10,laplace,3.382547,150,rho0.05..0.2|cts
THREEFY10,raw,3.366367,150,rho0.05..0.2|cts
THREEFY10,sand,3.358171,150,rho0.05..0.2|cts
THREEFY10,solo,3.342613,150,rho0.05..0.2|cts
RIFSPPFAAD30NB,laplace,3.205689,150,rho<-0.2|cts
RIFSPPFAAD30NB,raw,3.085858,150,rho<-0.2|cts
RIFSPPFAAD30NB,sand,3.159980,150,rho<-0.2|cts
RIFSPPFAAD30NB,solo,3.125721,150,rho<-0.2|cts
RIFSPPNAAD90NB,laplace,3.623688,150,rho<-0.2|mixed
RIFSPPNAAD90NB,raw,3.133139,150,rho<-0.2|mixed
RIFSPPNAAD90NB,sand,3.501299,150,rho<-0.2|mixed
RIFSPPNAAD90NB,solo,3.502708,150,rho<-0.2|mixed
NONFINGT80AAVOL,laplace,-2.116122,150,rho<-0.2|repeat
NONFINGT80AAVOL,raw,-2.892528,150,rho<-0.2|repeat
NONFINGT80AAVOL,sand,-2.093980,150,rho<-0.2|repeat
NONFINGT80AAVOL,solo,-2.219957,150,rho<-0.2|repeat
CPTBSD678FRBCLE,laplace,2.970503,150,rho>0.2|cts
CPTBSD678FRBCLE,raw,2.689232,150,rho>0.2|cts
CPTBSD678FRBCLE,sand,2.942158,150,rho>0.2|cts
CPTBSD678FRBCLE,solo,2.950272,150,rho>0.2|cts
IBLSD678FRBCLE,laplace,3.916802,150,rho>0.2|mixed
IBLSD678FRBCLE,raw,2.759561,150,rho>0.2|mixed
IBLSD678FRBCLE,sand,4.039854,150,rho>0.2|mixed
IBLSD678FRBCLE,solo,4.049822,150,rho>0.2|mixed
OBMMIC30YFNA,laplace,3.403187,150,rho~0|cts
OBMMIC30YFNA,raw,3.379579,150,rho~0|cts
OBMMIC30YFNA,sand,3.364151,150,rho~0|cts
OBMMIC30YFNA,solo,3.385503,150,rho~0|cts
T6MFF,laplace,4.083422,150,rho~0|mixed
T6MFF,raw,2.515911,150,rho~0|mixed
T6MFF,sand,4.068859,150,rho~0|mixed
T6MFF,solo,4.083824,150,rho~0|mixed
DPRIME,laplace,16.200674,150,rho~0|repeat
DPRIME,raw,9.497221,150,rho~0|repeat
DPRIME,sand,19.378721,150,rho~0|repeat
DPRIME,solo,19.563482,150,rho~0|repeat
TGCRVOLUME,laplace,3.161158,150,rho-0.2..-0.05|cts
TGCRVOLUME,raw,3.143142,150,rho-0.2..-0.05|cts
TGCRVOLUME,sand,3.145462,150,rho-0.2..-0.05|cts
TGCRVOLUME,solo,3.134661,150,rho-0.2..-0.05|cts
AAAFF,laplace,2.284328,150,rho0.05..0.2|cts
AAAFF,raw,1.684481,150,rho0.05..0.2|cts
AAAFF,sand,2.288980,150,rho0.05..0.2|cts
AAAFF,solo,2.258384,150,rho0.05..0.2|cts
OBFRVOL,laplace,0.903433,150,rho<-0.2|cts
OBFRVOL,raw,1.020162,150,rho<-0.2|cts
OBFRVOL,sand,0.916775,150,rho<-0.2|cts
OBFRVOL,solo,0.911720,150,rho<-0.2|cts
NONFIN1020AAVOL,laplace,-4.487478,150,rho<-0.2|mixed
NONFIN1020AAVOL,raw,-4.373706,150,rho<-0.2|mixed
NONFIN1020AAVOL,sand,-4.421011,150,rho<-0.2|mixed
NONFIN1020AAVOL,solo,-4.415125,150,rho<-0.2|mixed
TRINTDEXR,laplace,20.421414,150,rho<-0.2|repeat
TRINTDEXR,raw,19.804327,150,rho<-0.2|repeat
TRINTDEXR,sand,23.335803,150,rho<-0.2|repeat
TRINTDEXR,solo,19.170240,150,rho<-0.2|repeat
DPROPANEMBTX,laplace,2.129590,150,rho>0.2|cts
DPROPANEMBTX,raw,1.875508,150,rho>0.2|cts
DPROPANEMBTX,sand,2.099882,150,rho>0.2|cts
DPROPANEMBTX,solo,2.102341,150,rho>0.2|cts
BBSD678FRBCLE,laplace,5.966000,150,rho>0.2|mixed
BBSD678FRBCLE,raw,4.294762,150,rho>0.2|mixed
BBSD678FRBCLE,sand,6.012914,150,rho>0.2|mixed
BBSD678FRBCLE,solo,6.013716,150,rho>0.2|mixed
BAA10Y,laplace,3.772222,150,rho~0|cts
BAA10Y,raw,2.990767,150,rho~0|cts
BAA10Y,sand,3.784056,150,rho~0|cts
BAA10Y,solo,3.762523,150,rho~0|cts
DSWP2,laplace,2.535779,150,rho~0|mixed
DSWP2,raw,2.138611,150,rho~0|mixed
DSWP2,sand,2.536196,150,rho~0|mixed
DSWP2,solo,2.526593,150,rho~0|mixed
USARECDM,laplace,24.061302,150,rho~0|repeat
USARECDM,raw,19.804327,150,rho~0|repeat
USARECDM,sand,24.551727,150,rho~0|repeat
USARECDM,solo,21.646674,150,rho~0|repeat
OBMMIFHA30YF,laplace,3.453639,150,rho-0.2..-0.05|cts
OBMMIFHA30YF,raw,3.449223,150,rho-0.2..-0.05|cts
OBMMIFHA30YF,sand,3.448587,150,rho-0.2..-0.05|cts
OBMMIFHA30YF,solo,3.468956,150,rho-0.2..-0.05|cts
BAAFF,laplace,2.438464,150,rho0.05..0.2|cts
BAAFF,raw,1.752816,150,rho0.05..0.2|cts
BAAFF,sand,2.435932,150,rho0.05..0.2|cts
BAAFF,solo,2.422321,150,rho0.05..0.2|cts
OBMMIUSDA30YF,laplace,2.960280,150,rho<-0.2|cts
OBMMIUSDA30YF,raw,2.900160,150,rho<-0.2|cts
OBMMIUSDA30YF,sand,2.933251,150,rho<-0.2|cts
OBMMIUSDA30YF,solo,2.950524,150,rho<-0.2|cts
DCD6M,laplace,4.768552,150,rho<-0.2|mixed
DCD6M,raw,3.932323,150,rho<-0.2|mixed
DCD6M,sand,4.755852,150,rho<-0.2|mixed
DCD6M,solo,4.755276,150,rho<-0.2|mixed
RPAGYD,laplace,8.170932,150,rho<-0.2|repeat
RPAGYD,raw,7.279351,150,rho<-0.2|repeat
RPAGYD,sand,8.694051,150,rho<-0.2|repeat
RPAGYD,solo,8.758291,150,rho<-0.2|repeat
SOFR30DAYAVG,laplace,5.608439,150,rho>0.2|cts
SOFR30DAYAVG,raw,5.797337,150,rho>0.2|cts
SOFR30DAYAVG,sand,5.605265,150,rho>0.2|cts
SOFR30DAYAVG,solo,5.588256,150,rho>0.2|cts
IHLCHGCATPBAFI,laplace,-0.510724,150,rho>0.2|mixed
IHLCHGCATPBAFI,raw,-0.678415,150,rho>0.2|mixed
IHLCHGCATPBAFI,sand,-0.427795,150,rho>0.2|mixed
IHLCHGCATPBAFI,solo,-0.433486,150,rho>0.2|mixed
DGS5,laplace,3.026399,150,rho~0|cts
DGS5,raw,2.983537,150,rho~0|cts
DGS5,sand,3.003279,150,rho~0|cts
DGS5,solo,3.014191,150,rho~0|cts
DGS1MO,laplace,5.075594,150,rho~0|mixed
DGS1MO,raw,2.764922,150,rho~0|mixed
DGS1MO,sand,5.062485,150,rho~0|mixed
DGS1MO,solo,5.069720,150,rho~0|mixed
RUSRECD,laplace,18.629912,150,rho~0|repeat
RUSRECD,raw,19.804327,150,rho~0|repeat
RUSRECD,sand,22.996188,150,rho~0|repeat
RUSRECD,solo,18.391680,150,rho~0|repeat
NONFIN14AAAMT,laplace,-9.281593,150,rho-0.2..-0.05|cts
NONFIN14AAAMT,raw,-9.123540,150,rho-0.2..-0.05|cts
NONFIN14AAAMT,sand,-9.136173,150,rho-0.2..-0.05|cts
NONFIN14AAAMT,solo,-9.129605,150,rho-0.2..-0.05|cts
DJFUELUSGULF,laplace,1.715694,150,rho0.05..0.2|cts
DJFUELUSGULF,raw,1.557595,150,rho0.05..0.2|cts
DJFUELUSGULF,sand,1.689481,150,rho0.05..0.2|cts
DJFUELUSGULF,solo,1.701265,150,rho0.05..0.2|cts
ABGT80AAAMT,laplace,-8.103842,150,rho<-0.2|cts
ABGT80AAAMT,raw,-8.099339,150,rho<-0.2|cts
ABGT80AAAMT,sand,-8.116177,150,rho<-0.2|cts
ABGT80AAAMT,solo,-8.118285,150,rho<-0.2|cts
FIN2140AAVOL,laplace,-0.402980,150,rho<-0.2|mixed
FIN2140AAVOL,raw,-1.892499,150,rho<-0.2|mixed
FIN2140AAVOL,sand,-0.233996,150,rho<-0.2|mixed
FIN2140AAVOL,solo,-0.280273,150,rho<-0.2|mixed
FIN4180AAAMT,laplace,-1.873237,150,rho<-0.2|repeat
FIN4180AAAMT,raw,-3.098634,150,rho<-0.2|repeat
FIN4180AAAMT,sand,-1.266747,150,rho<-0.2|repeat
FIN4180AAAMT,solo,-1.038891,150,rho<-0.2|repeat
RMBSSD678FRBCLE,laplace,4.405536,150,rho>0.2|cts
RMBSSD678FRBCLE,raw,4.300052,150,rho>0.2|cts
RMBSSD678FRBCLE,sand,4.361845,150,rho>0.2|cts
RMBSSD678FRBCLE,solo,4.382097,150,rho>0.2|cts
DTP10J14,laplace,0.528904,150,rho>0.2|mixed
DTP10J14,raw,0.412648,150,rho>0.2|mixed
DTP10J14,sand,0.529850,150,rho>0.2|mixed
DTP10J14,solo,0.556814,150,rho>0.2|mixed
DTP30F46,laplace,2.001052,150,rho~0|cts
DTP30F46,raw,2.014841,150,rho~0|cts
DTP30F46,sand,1.977008,150,rho~0|cts
DTP30F46,solo,1.995387,150,rho~0|cts
SOFR99,laplace,3.699116,150,rho~0|mixed
SOFR99,raw,3.314720,150,rho~0|mixed
SOFR99,sand,3.740373,150,rho~0|mixed
SOFR99,solo,3.708723,150,rho~0|mixed
KORRECD,laplace,22.047459,150,rho~0|repeat
KORRECD,raw,19.804327,150,rho~0|repeat
KORRECD,sand,22.783339,150,rho~0|repeat
KORRECD,solo,17.204536,150,rho~0|repeat
T5YIFR,laplace,3.632861,150,rho-0.2..-0.05|cts
T5YIFR,raw,3.200462,150,rho-0.2..-0.05|cts
T5YIFR,sand,3.656561,150,rho-0.2..-0.05|cts
T5YIFR,solo,3.669330,150,rho-0.2..-0.05|cts
OBMMIC30YFLVLE80FGE740,laplace,3.597438,150,rho0.05..0.2|cts
OBMMIC30YFLVLE80FGE740,raw,3.578143,150,rho0.05..0.2|cts
OBMMIC30YFLVLE80FGE740,sand,3.573917,150,rho0.05..0.2|cts
OBMMIC30YFLVLE80FGE740,solo,3.579738,150,rho0.05..0.2|cts
EFFRVOL,laplace,1.306951,150,rho<-0.2|cts
EFFRVOL,raw,1.202205,150,rho<-0.2|cts
EFFRVOL,sand,1.331579,150,rho<-0.2|cts
EFFRVOL,solo,1.297392,150,rho<-0.2|cts
RPONTTLD,laplace,0.071903,150,rho<-0.2|mixed
RPONTTLD,raw,0.054146,150,rho<-0.2|mixed
RPONTTLD,sand,0.515130,150,rho<-0.2|mixed
RPONTTLD,solo,0.406142,150,rho<-0.2|mixed
RPMBSD,laplace,1.619306,150,rho<-0.2|repeat
RPMBSD,raw,0.901095,150,rho<-0.2|repeat
RPMBSD,sand,2.123136,150,rho<-0.2|repeat
RPMBSD,solo,2.512457,150,rho<-0.2|repeat
IHLIDXUSTPMEDITECH,laplace,5.064859,150,rho>0.2|cts
IHLIDXUSTPMEDITECH,raw,5.171466,150,rho>0.2|cts
IHLIDXUSTPMEDITECH,sand,5.209247,150,rho>0.2|cts
IHLIDXUSTPMEDITECH,solo,5.215296,150,rho>0.2|cts
TYCSD678FRBCLE,laplace,5.483937,150,rho>0.2|mixed
TYCSD678FRBCLE,raw,4.511359,150,rho>0.2|mixed
TYCSD678FRBCLE,sand,5.651463,150,rho>0.2|mixed
TYCSD678FRBCLE,solo,5.678114,150,rho>0.2|mixed
DAAA,laplace,3.653068,150,rho~0|cts
DAAA,raw,3.461254,150,rho~0|cts
DAAA,sand,3.650776,150,rho~0|cts
DAAA,solo,3.622526,150,rho~0|cts
TGCR25THPERCENTILE,laplace,3.963975,150,rho~0|mixed
TGCR25THPERCENTILE,raw,3.417085,150,rho~0|mixed
TGCR25THPERCENTILE,sand,4.003035,150,rho~0|mixed
TGCR25THPERCENTILE,solo,3.840761,150,rho~0|mixed
DFEDTARL,laplace,14.191628,150,rho~0|repeat
DFEDTARL,raw,8.156579,150,rho~0|repeat
DFEDTARL,sand,17.698721,150,rho~0|repeat
DFEDTARL,solo,14.215582,150,rho~0|repeat
DTB1YR,laplace,3.703212,150,rho-0.2..-0.05|cts
DTB1YR,raw,3.354074,150,rho-0.2..-0.05|cts
DTB1YR,sand,3.688838,150,rho-0.2..-0.05|cts
DTB1YR,solo,3.694882,150,rho-0.2..-0.05|cts
T10YIE,laplace,4.083316,150,rho0.05..0.2|cts
T10YIE,raw,3.336612,150,rho0.05..0.2|cts
T10YIE,sand,4.088004,150,rho0.05..0.2|cts
T10YIE,solo,4.089954,150,rho0.05..0.2|cts
FIN59AAAMT,laplace,-4.908993,150,rho<-0.2|cts
FIN59AAAMT,raw,-6.327896,150,rho<-0.2|cts
FIN59AAAMT,sand,-4.764957,150,rho<-0.2|cts
FIN59AAAMT,solo,-4.732602,150,rho<-0.2|cts
DCPN30,laplace,3.646115,150,rho<-0.2|mixed
DCPN30,raw,3.385740,150,rho<-0.2|mixed
DCPN30,sand,3.652654,150,rho<-0.2|mixed
DCPN30,solo,3.660768,150,rho<-0.2|mixed
EFFRSD,laplace,3.300914,150,rho<-0.2|repeat
EFFRSD,raw,2.520423,150,rho<-0.2|repeat
EFFRSD,sand,3.691695,150,rho<-0.2|repeat
EFFRSD,solo,4.116997,150,rho<-0.2|repeat
CMRKTSD678FRBCLE,laplace,3.676248,150,rho>0.2|cts
CMRKTSD678FRBCLE,raw,3.704622,150,rho>0.2|cts
CMRKTSD678FRBCLE,sand,3.671473,150,rho>0.2|cts
CMRKTSD678FRBCLE,solo,3.685826,150,rho>0.2|cts
RIFSPPAAAD07NB,laplace,6.802532,150,rho>0.2|mixed
RIFSPPAAAD07NB,raw,4.337638,150,rho>0.2|mixed
RIFSPPAAAD07NB,sand,6.904819,150,rho>0.2|mixed
RIFSPPAAAD07NB,solo,6.855230,150,rho>0.2|mixed
DBAA,laplace,3.660530,150,rho~0|cts
DBAA,raw,3.616337,150,rho~0|cts
DBAA,sand,3.643896,150,rho~0|cts
DBAA,solo,3.646927,150,rho~0|cts
T3MFF,laplace,4.317048,150,rho~0|mixed
T3MFF,raw,2.650510,150,rho~0|mixed
T3MFF,sand,4.324359,150,rho~0|mixed
T3MFF,solo,4.311394,150,rho~0|mixed
DNKRECD,laplace,13.173116,150,rho~0|repeat
DNKRECD,raw,7.041710,150,rho~0|repeat
DNKRECD,sand,15.421756,150,rho~0|repeat
DNKRECD,solo,14.886365,150,rho~0|repeat
VXTYN,laplace,1.102523,150,rho-0.2..-0.05|cts
VXTYN,raw,1.060496,150,rho-0.2..-0.05|cts
VXTYN,sand,1.074911,150,rho-0.2..-0.05|cts
VXTYN,solo,1.093336,150,rho-0.2..-0.05|cts
DTP5A23,laplace,-0.370196,150,rho0.05..0.2|cts
DTP5A23,raw,-0.693285,150,rho0.05..0.2|cts
DTP5A23,sand,-0.375035,150,rho0.05..0.2|cts
DTP5A23,solo,-0.357865,150,rho0.05..0.2|cts
KCPRS,laplace,0.748906,150,rho<-0.2|cts
KCPRS,raw,0.652534,150,rho<-0.2|cts
KCPRS,sand,0.737495,150,rho<-0.2|cts
KCPRS,solo,0.716122,150,rho<-0.2|cts
TGCR1STPERCENTILE,laplace,3.505176,150,rho<-0.2|mixed
TGCR1STPERCENTILE,raw,2.233966,150,rho<-0.2|mixed
TGCR1STPERCENTILE,sand,3.506109,150,rho<-0.2|mixed
TGCR1STPERCENTILE,solo,3.405856,150,rho<-0.2|mixed
IUDZLS9,laplace,9.229128,150,rho<-0.2|repeat
IUDZLS9,raw,7.562616,150,rho<-0.2|repeat
IUDZLS9,sand,12.043943,150,rho<-0.2|repeat
IUDZLS9,solo,11.016226,150,rho<-0.2|repeat
DTP10J11,laplace,0.666812,150,rho>0.2|cts
DTP10J11,raw,0.240373,150,rho>0.2|cts
DTP10J11,sand,0.703533,150,rho>0.2|cts
DTP10J11,solo,0.701238,150,rho>0.2|cts
IHLCHGUS,laplace,3.917807,150,rho>0.2|mixed
IHLCHGUS,raw,0.890554,150,rho>0.2|mixed
IHLCHGUS,sand,3.989083,150,rho>0.2|mixed
IHLCHGUS,solo,3.988330,150,rho>0.2|mixed
T5YFF,laplace,1.719795,150,rho~0|cts
T5YFF,raw,1.534819,150,rho~0|cts
T5YFF,sand,1.703719,150,rho~0|cts
T5YFF,solo,1.706935,150,rho~0|cts
SOFR75,laplace,3.737266,150,rho~0|mixed
SOFR75,raw,3.338008,150,rho~0|mixed
SOFR75,sand,3.793772,150,rho~0|mixed
SOFR75,solo,3.751711,150,rho~0|mixed
CHNRECD,laplace,18.077521,150,rho~0|repeat
CHNRECD,raw,19.804327,150,rho~0|repeat
CHNRECD,sand,22.945240,150,rho~0|repeat
CHNRECD,solo,22.150692,150,rho~0|repeat
SOFRINDEX,laplace,7.809489,150,rho-0.2..-0.05|cts
SOFRINDEX,raw,10.125930,150,rho-0.2..-0.05|cts
SOFRINDEX,sand,8.662918,150,rho-0.2..-0.05|cts
SOFRINDEX,solo,8.657430,150,rho-0.2..-0.05|cts
THREEFY8,laplace,3.323797,150,rho0.05..0.2|cts
THREEFY8,raw,3.301620,150,rho0.05..0.2|cts
THREEFY8,sand,3.300745,150,rho0.05..0.2|cts
THREEFY8,solo,3.291780,150,rho0.05..0.2|cts
DTP10L21,laplace,-0.372971,150,rho<-0.2|cts
DTP10L21,raw,-0.650898,150,rho<-0.2|cts
DTP10L21,sand,-0.373868,150,rho<-0.2|cts
DTP10L21,solo,-0.337577,150,rho<-0.2|cts
FINGT80AAVOL,laplace,-2.528753,150,rho<-0.2|mixed
FINGT80AAVOL,raw,-3.202477,150,rho<-0.2|mixed
FINGT80AAVOL,sand,-2.510183,150,rho<-0.2|mixed
FINGT80AAVOL,solo,-2.512289,150,rho<-0.2|mixed
RPONMBSD,laplace,1.623776,150,rho<-0.2|repeat
RPONMBSD,raw,0.826946,150,rho<-0.2|repeat
RPONMBSD,sand,2.139789,150,rho<-0.2|repeat
RPONMBSD,solo,2.530044,150,rho<-0.2|repeat
IHLCHGFRTPPECAHOHE,laplace,-1.137494,150,rho>0.2|cts
IHLCHGFRTPPECAHOHE,raw,-0.945996,150,rho>0.2|cts
IHLCHGFRTPPECAHOHE,sand,-0.913127,150,rho>0.2|cts
IHLCHGFRTPPECAHOHE,solo,-0.927208,150,rho>0.2|cts
DSWP30,laplace,2.531100,150,rho~0|cts
DSWP30,raw,2.494416,150,rho~0|cts
DSWP30,sand,2.510127,150,rho~0|cts
DSWP30,solo,2.532751,150,rho~0|cts
BELRECD,laplace,21.090264,150,rho~0|repeat
BELRECD,raw,19.804327,150,rho~0|repeat
BELRECD,sand,25.425303,150,rho~0|repeat
BELRECD,solo,22.824592,150,rho~0|repeat
RIMLPAAARNB,laplace,3.096681,150,rho-0.2..-0.05|cts
RIMLPAAARNB,raw,2.984829,150,rho-0.2..-0.05|cts
RIMLPAAARNB,sand,3.075112,150,rho-0.2..-0.05|cts
RIMLPAAARNB,solo,3.098592,150,rho-0.2..-0.05|cts
OBMMIC30YF,laplace,3.638263,150,rho0.05..0.2|cts
OBMMIC30YF,raw,3.646715,150,rho0.05..0.2|cts
OBMMIC30YF,sand,3.634162,150,rho0.05..0.2|cts
OBMMIC30YF,solo,3.623637,150,rho0.05..0.2|cts
RRPONTTLD,laplace,-3.229024,150,rho<-0.2|cts
RRPONTTLD,raw,-3.237561,150,rho<-0.2|cts
RRPONTTLD,sand,-2.997586,150,rho<-0.2|cts
RRPONTTLD,solo,-3.134774,150,rho<-0.2|cts
RPTSYSAD,laplace,1.246884,150,rho<-0.2|mixed
RPTSYSAD,raw,0.869670,150,rho<-0.2|mixed
RPTSYSAD,sand,1.584039,150,rho<-0.2|mixed
RPTSYSAD,solo,1.557264,150,rho<-0.2|mixed
NONFINGT80AAAMT,laplace,-5.346604,150,rho<-0.2|repeat
NONFINGT80AAAMT,raw,-6.180252,150,rho<-0.2|repeat
NONFINGT80AAAMT,sand,-5.354501,150,rho<-0.2|repeat
NONFINGT80AAAMT,solo,-5.415662,150,rho<-0.2|repeat
RIFSPPNA2P2D15NB,laplace,4.128207,150,rho>0.2|cts
RIFSPPNA2P2D15NB,raw,3.574521,150,rho>0.2|cts
RIFSPPNA2P2D15NB,sand,4.138101,150,rho>0.2|cts
RIFSPPNA2P2D15NB,solo,4.138881,150,rho>0.2|cts
DFII10,laplace,2.764199,150,rho~0|cts
DFII10,raw,1.911368,150,rho~0|cts
DFII10,sand,2.759476,150,rho~0|cts
DFII10,solo,2.757668,150,rho~0|cts
IDNRECD,laplace,20.559322,150,rho~0|repeat
IDNRECD,raw,19.804327,150,rho~0|repeat
IDNRECD,sand,25.656222,150,rho~0|repeat
IDNRECD,solo,26.245040,150,rho~0|repeat
DFII20,laplace,2.684307,150,rho-0.2..-0.05|cts
DFII20,raw,2.010073,150,rho-0.2..-0.05|cts
DFII20,sand,2.675326,150,rho-0.2..-0.05|cts
DFII20,solo,2.673214,150,rho-0.2..-0.05|cts
MKTGT80MKTVOL,laplace,-6.281667,150,rho<-0.2|cts
MKTGT80MKTVOL,raw,-6.203141,150,rho<-0.2|cts
MKTGT80MKTVOL,sand,-6.210273,150,rho<-0.2|cts
MKTGT80MKTVOL,solo,-6.190710,150,rho<-0.2|cts
RIFSPPNAAD15NB,laplace,3.931119,150,rho<-0.2|mixed
RIFSPPNAAD15NB,raw,3.479911,150,rho<-0.2|mixed
RIFSPPNAAD15NB,sand,3.930302,150,rho<-0.2|mixed
RIFSPPNAAD15NB,solo,3.911988,150,rho<-0.2|mixed
FIN4180AAVOL,laplace,2.074589,150,rho<-0.2|repeat
FIN4180AAVOL,raw,-0.203558,150,rho<-0.2|repeat
FIN4180AAVOL,sand,2.592242,150,rho<-0.2|repeat
FIN4180AAVOL,solo,3.151706,150,rho<-0.2|repeat
THREEFY1,laplace,2.364258,150,rho>0.2|cts
THREEFY1,raw,2.358070,150,rho>0.2|cts
THREEFY1,sand,2.349706,150,rho>0.2|cts
THREEFY1,solo,2.342872,150,rho>0.2|cts
DDFUELNYH,laplace,1.883500,150,rho~0|cts
DDFUELNYH,raw,1.711183,150,rho~0|cts
DDFUELNYH,sand,1.862519,150,rho~0|cts
DDFUELNYH,solo,1.862883,150,rho~0|cts
SVNRECDP,laplace,26.975235,150,rho~0|repeat
SVNRECDP,raw,19.804327,150,rho~0|repeat
SVNRECDP,sand,30.685925,150,rho~0|repeat
SVNRECDP,solo,24.233830,150,rho~0|repeat
RIFSPPAAAD90NB,laplace,4.261989,150,rho-0.2..-0.05|cts
RIFSPPAAAD90NB,raw,3.599936,150,rho-0.2..-0.05|cts
RIFSPPAAAD90NB,sand,4.226339,150,rho-0.2..-0.05|cts
RIFSPPAAAD90NB,solo,4.211452,150,rho-0.2..-0.05|cts
USEPUINDXD,laplace,-0.517874,150,rho<-0.2|cts
USEPUINDXD,raw,-0.401295,150,rho<-0.2|cts
USEPUINDXD,sand,-0.444300,150,rho<-0.2|cts
USEPUINDXD,solo,-0.437940,150,rho<-0.2|cts
NONFIN4180AAVOL,laplace,-3.496920,150,rho<-0.2|mixed
NONFIN4180AAVOL,raw,-3.663866,150,rho<-0.2|mixed
NONFIN4180AAVOL,sand,-3.455174,150,rho<-0.2|mixed
NONFIN4180AAVOL,solo,-3.482371,150,rho<-0.2|mixed
SOFR90DAYAVG,laplace,5.995991,150,rho>0.2|cts
SOFR90DAYAVG,raw,6.226709,150,rho>0.2|cts
SOFR90DAYAVG,sand,6.064824,150,rho>0.2|cts
SOFR90DAYAVG,solo,6.157892,150,rho>0.2|cts
DGS20,laplace,3.454383,150,rho~0|cts
DGS20,raw,3.372713,150,rho~0|cts
DGS20,sand,3.436262,150,rho~0|cts
DGS20,solo,3.439220,150,rho~0|cts
POLRECD,laplace,12.387649,150,rho~0|repeat
POLRECD,raw,7.252180,150,rho~0|repeat
POLRECD,sand,13.397090,150,rho~0|repeat
POLRECD,solo,14.898093,150,rho~0|repeat
DTP10L19,laplace,-0.034388,150,rho-0.2..-0.05|cts
DTP10L19,raw,-0.559372,150,rho-0.2..-0.05|cts
DTP10L19,sand,-0.026286,150,rho-0.2..-0.05|cts
DTP10L19,solo,-0.029148,150,rho-0.2..-0.05|cts
NONFIN2140AAVOL,laplace,-4.076100,150,rho<-0.2|cts
NONFIN2140AAVOL,raw,-4.062198,150,rho<-0.2|cts
NONFIN2140AAVOL,sand,-4.072072,150,rho<-0.2|cts
NONFIN2140AAVOL,solo,-4.049985,150,rho<-0.2|cts
FIN2140AAAMT,laplace,-4.307494,150,rho<-0.2|mixed
FIN2140AAAMT,raw,-5.245770,150,rho<-0.2|mixed
FIN2140AAAMT,sand,-4.197261,150,rho<-0.2|mixed
FIN2140AAAMT,solo,-4.228570,150,rho<-0.2|mixed
IHLIDXUSMD,laplace,5.241992,150,rho>0.2|cts
IHLIDXUSMD,raw,5.378316,150,rho>0.2|cts
IHLIDXUSMD,sand,5.371492,150,rho>0.2|cts
IHLIDXUSMD,solo,5.362520,150,rho>0.2|cts
DTP5A18,laplace,0.220542,150,rho~0|cts
DTP5A18,raw,-0.145965,150,rho~0|cts
DTP5A18,sand,0.269574,150,rho~0|cts
DTP5A18,solo,0.173331,150,rho~0|cts
DFF,laplace,13.953046,150,rho~0|repeat
DFF,raw,8.737976,150,rho~0|repeat
DFF,sand,16.611276,150,rho~0|repeat
DFF,solo,16.851861,150,rho~0|repeat
OBMMIC30YFLVGT80FB720A739,laplace,3.210815,150,rho-0.2..-0.05|cts
OBMMIC30YFLVGT80FB720A739,raw,3.228808,150,rho-0.2..-0.05|cts
OBMMIC30YFLVGT80FB720A739,sand,3.193379,150,rho-0.2..-0.05|cts
OBMMIC30YFLVGT80FB720A739,solo,3.195980,150,rho-0.2..-0.05|cts
DCPF1M,laplace,3.205689,150,rho<-0.2|cts
DCPF1M,raw,3.091606,150,rho<-0.2|cts
DCPF1M,sand,3.154781,150,rho<-0.2|cts
DCPF1M,solo,3.139030,150,rho<-0.2|cts
RPONTSYD,laplace,1.257758,150,rho<-0.2|mixed
RPONTSYD,raw,0.846285,150,rho<-0.2|mixed
RPONTSYD,sand,1.598916,150,rho<-0.2|mixed
RPONTSYD,solo,1.596326,150,rho<-0.2|mixed
DTP10L14,laplace,0.565636,150,rho>0.2|cts
DTP10L14,raw,0.452639,150,rho>0.2|cts
DTP10L14,sand,0.594147,150,rho>0.2|cts
DTP10L14,solo,0.595272,150,rho>0.2|cts
T10YFF,laplace,2.014270,150,rho~0|cts
T10YFF,raw,1.642777,150,rho~0|cts
T10YFF,sand,1.995716,150,rho~0|cts
T10YFF,solo,1.976029,150,rho~0|cts
ESPRECDM,laplace,22.047459,150,rho~0|repeat
ESPRECDM,raw,19.804327,150,rho~0|repeat
ESPRECDM,sand,21.597754,150,rho~0|repeat
ESPRECDM,solo,19.961503,150,rho~0|repeat
NONFIN14AAVOL,laplace,-5.753923,150,rho-0.2..-0.05|cts
NONFIN14AAVOL,raw,-5.578770,150,rho-0.2..-0.05|cts
NONFIN14AAVOL,sand,-5.592998,150,rho-0.2..-0.05|cts
NONFIN14AAVOL,solo,-5.555245,150,rho-0.2..-0.05|cts
MKT59MKTAMT,laplace,-10.360157,150,rho<-0.2|cts
MKT59MKTAMT,raw,-10.064372,150,rho<-0.2|cts
MKT59MKTAMT,sand,-10.086220,150,rho<-0.2|cts
MKT59MKTAMT,solo,-10.065941,150,rho<-0.2|cts
DCPN2M,laplace,3.274148,150,rho<-0.2|mixed
DCPN2M,raw,3.004903,150,rho<-0.2|mixed
DCPN2M,sand,3.232444,150,rho<-0.2|mixed
DCPN2M,solo,3.257722,150,rho<-0.2|mixed
IHLCHGFRTPDRIV,laplace,-0.561589,150,rho>0.2|cts
IHLCHGFRTPDRIV,raw,-0.670643,150,rho>0.2|cts
IHLCHGFRTPDRIV,sand,-0.516528,150,rho>0.2|cts
IHLCHGFRTPDRIV,solo,-0.542012,150,rho>0.2|cts
RRPONTSYOFFR,laplace,12.979966,150,rho~0|repeat
RRPONTSYOFFR,raw,8.550727,150,rho~0|repeat
RRPONTSYOFFR,sand,17.038994,150,rho~0|repeat
RRPONTSYOFFR,solo,13.573987,150,rho~0|repeat
T10Y2Y,laplace,3.500236,150,rho-0.2..-0.05|cts
T10Y2Y,raw,2.187123,150,rho-0.2..-0.05|cts
T10Y2Y,sand,3.531032,150,rho-0.2..-0.05|cts
T10Y2Y,solo,3.521072,150,rho-0.2..-0.05|cts
RRPTTLD,laplace,-3.229024,150,rho<-0.2|cts
RRPTTLD,raw,-3.241325,150,rho<-0.2|cts
RRPTTLD,sand,-2.985018,150,rho<-0.2|cts
RRPTTLD,solo,-3.127685,150,rho<-0.2|cts
CANRECD,laplace,24.061302,150,rho~0|repeat
CANRECD,raw,19.804327,150,rho~0|repeat
CANRECD,sand,25.383748,150,rho~0|repeat
CANRECD,solo,28.195796,150,rho~0|repeat
DTB6,laplace,5.187068,150,rho-0.2..-0.05|cts
DTB6,raw,3.957529,150,rho-0.2..-0.05|cts
DTB6,sand,5.228034,150,rho-0.2..-0.05|cts
DTB6,solo,5.225790,150,rho-0.2..-0.05|cts
AB14AAAMT,laplace,-8.968405,150,rho<-0.2|cts
AB14AAAMT,raw,-8.973652,150,rho<-0.2|cts
AB14AAAMT,sand,-8.927546,150,rho<-0.2|cts
AB14AAAMT,solo,-8.914812,150,rho<-0.2|cts
TURRECD,laplace,24.061302,150,rho~0|repeat
TURRECD,raw,19.804327,150,rho~0|repeat
TURRECD,sand,24.824297,150,rho~0|repeat
TURRECD,solo,24.535652,150,rho~0|repeat
RIFSPPFAAD60NB,laplace,2.551339,150,rho<-0.2|cts
RIFSPPFAAD60NB,raw,2.155486,150,rho<-0.2|cts
RIFSPPFAAD60NB,sand,2.586469,150,rho<-0.2|cts
RIFSPPFAAD60NB,solo,2.623464,150,rho<-0.2|cts
MEXRECDM,laplace,22.047459,150,rho~0|repeat
MEXRECDM,raw,19.804327,150,rho~0|repeat
MEXRECDM,sand,22.591596,150,rho~0|repeat
MEXRECDM,solo,18.585039,150,rho~0|repeat
OBMMIC30YFLVLE80FB700A719,laplace,2.953775,150,rho<-0.2|cts
OBMMIC30YFLVLE80FB700A719,raw,3.011886,150,rho<-0.2|cts
OBMMIC30YFLVLE80FB700A719,sand,2.959479,150,rho<-0.2|cts
OBMMIC30YFLVLE80FB700A719,solo,2.950365,150,rho<-0.2|cts
ZAFRECDP,laplace,18.494531,150,rho~0|repeat
ZAFRECDP,raw,19.804327,150,rho~0|repeat
ZAFRECDP,sand,20.951383,150,rho~0|repeat
ZAFRECDP,solo,17.759046,150,rho~0|repeat
ABGT80AAVOL,laplace,-4.697653,150,rho<-0.2|cts
ABGT80AAVOL,raw,-4.645071,150,rho<-0.2|cts
ABGT80AAVOL,sand,-4.696240,150,rho<-0.2|cts
ABGT80AAVOL,solo,-4.693542,150,rho<-0.2|cts
PRTRECDM,laplace,21.526974,150,rho~0|repeat
PRTRECDM,raw,19.804327,150,rho~0|repeat
PRTRECDM,sand,25.857444,150,rho~0|repeat
PRTRECDM,solo,21.496889,150,rho~0|repeat
FIN14AAAMT,laplace,-8.232236,150,rho<-0.2|cts
FIN14AAAMT,raw,-8.099382,150,rho<-0.2|cts
FIN14AAAMT,sand,-8.169804,150,rho<-0.2|cts
FIN14AAAMT,solo,-8.183316,150,rho<-0.2|cts
NORRECDM,laplace,15.760868,150,rho~0|repeat
NORRECDM,raw,16.304207,150,rho~0|repeat
NORRECDM,sand,19.918328,150,rho~0|repeat
NORRECDM,solo,15.534849,150,rho~0|repeat
DTP10J21,laplace,-0.552697,150,rho<-0.2|cts
DTP10J21,raw,-1.170350,150,rho<-0.2|cts
DTP10J21,sand,-0.539895,150,rho<-0.2|cts
DTP10J21,solo,-0.550353,150,rho<-0.2|cts
SVKRECDM,laplace,26.946661,150,rho~0|repeat
SVKRECDM,raw,19.804327,150,rho~0|repeat
SVKRECDM,sand,30.540071,150,rho~0|repeat
SVKRECDM,solo,24.732290,150,rho~0|repeat
RRPONTSYD,laplace,-3.229024,150,rho<-0.2|cts
RRPONTSYD,raw,-3.226386,150,rho<-0.2|cts
RRPONTSYD,sand,-2.985487,150,rho<-0.2|cts
RRPONTSYD,solo,-3.129808,150,rho<-0.2|cts
GRCRECD,laplace,20.147475,150,rho~0|repeat
GRCRECD,raw,19.804327,150,rho~0|repeat
GRCRECD,sand,21.514760,150,rho~0|repeat
GRCRECD,solo,18.253947,150,rho~0|repeat
MKTGT80MKTAMT,laplace,-9.572640,150,rho<-0.2|cts
MKTGT80MKTAMT,raw,-9.489595,150,rho<-0.2|cts
MKTGT80MKTAMT,sand,-9.493385,150,rho<-0.2|cts
MKTGT80MKTAMT,solo,-9.494623,150,rho<-0.2|cts
HUNRECDM,laplace,22.047459,150,rho~0|repeat
HUNRECDM,raw,19.804327,150,rho~0|repeat
HUNRECDM,sand,21.589144,150,rho~0|repeat
HUNRECDM,solo,18.055988,150,rho~0|repeat
NONFIN14A2P2VOL,laplace,-5.508875,150,rho<-0.2|cts
NONFIN14A2P2VOL,raw,-5.473054,150,rho<-0.2|cts
NONFIN14A2P2VOL,sand,-5.495678,150,rho<-0.2|cts
NONFIN14A2P2VOL,solo,-5.512068,150,rho<-0.2|cts
FRARECDM,laplace,24.061302,150,rho~0|repeat
FRARECDM,raw,19.804327,150,rho~0|repeat
FRARECDM,sand,25.445270,150,rho~0|repeat
FRARECDM,solo,22.751661,150,rho~0|repeat
DCPF2M,laplace,2.535884,150,rho<-0.2|cts
DCPF2M,raw,2.148741,150,rho<-0.2|cts
DCPF2M,sand,2.600313,150,rho<-0.2|cts
DCPF2M,solo,2.616888,150,rho<-0.2|cts
SOFR25,laplace,3.257103,150,rho~0|repeat
SOFR25,raw,2.102722,150,rho~0|repeat
SOFR25,sand,3.313750,150,rho~0|repeat
SOFR25,solo,3.204321,150,rho~0|repeat
MKT4180MKTVOL,laplace,-5.627353,150,rho<-0.2|cts
MKT4180MKTVOL,raw,-5.548101,150,rho<-0.2|cts
MKT4180MKTVOL,sand,-5.584771,150,rho<-0.2|cts
MKT4180MKTVOL,solo,-5.567800,150,rho<-0.2|cts
CHERECD,laplace,24.061302,150,rho~0|repeat
CHERECD,raw,19.804327,150,rho~0|repeat
CHERECD,sand,23.901382,150,rho~0|repeat
CHERECD,solo,28.407871,150,rho~0|repeat
ITARECD,laplace,22.047459,150,rho~0|repeat
ITARECD,raw,19.804327,150,rho~0|repeat
ITARECD,sand,22.001378,150,rho~0|repeat
ITARECD,solo,18.801512,150,rho~0|repeat
MAJOR5ASIARECD,laplace,17.505601,150,rho~0|repeat
MAJOR5ASIARECD,raw,19.804327,150,rho~0|repeat
MAJOR5ASIARECD,sand,22.789217,150,rho~0|repeat
MAJOR5ASIARECD,solo,23.470038,150,rho~0|repeat
MSCRECD,laplace,13.173116,150,rho~0|repeat
MSCRECD,raw,7.406872,150,rho~0|repeat
MSCRECD,sand,15.323729,150,rho~0|repeat
MSCRECD,solo,10.857891,150,rho~0|repeat
NAFTARECDM,laplace,22.047459,150,rho~0|repeat
NAFTARECDM,raw,19.804327,150,rho~0|repeat
NAFTARECDM,sand,21.417651,150,rho~0|repeat
NAFTARECDM,solo,18.624348,150,rho~0|repeat
NDLRECDP,laplace,24.143523,150,rho~0|repeat
NDLRECDP,raw,19.804327,150,rho~0|repeat
NDLRECDP,sand,24.589173,150,rho~0|repeat
NDLRECDP,solo,27.424375,150,rho~0|repeat
DED3,laplace,9.589956,150,rho~0|repeat
DED3,raw,6.948266,150,rho~0|repeat
DED3,sand,12.381042,150,rho~0|repeat
DED3,solo,8.682083,150,rho~0|repeat
CZERECDP,laplace,21.543352,150,rho~0|repeat
CZERECDP,raw,19.804327,150,rho~0|repeat
CZERECDP,sand,26.115071,150,rho~0|repeat
CZERECDP,solo,19.393634,150,rho~0|repeat
EFFR,laplace,10.544222,150,rho~0|repeat
EFFR,raw,8.514875,150,rho~0|repeat
EFFR,sand,13.742254,150,rho~0|repeat
EFFR,solo,12.815951,150,rho~0|repeat
SRFTSYD,laplace,12.762122,150,rho~0|repeat
SRFTSYD,raw,8.753939,150,rho~0|repeat
SRFTSYD,sand,16.776302,150,rho~0|repeat
SRFTSYD,solo,16.191379,150,rho~0|repeat
OBFR25,laplace,8.952255,150,rho~0|repeat
OBFR25,raw,6.698818,150,rho~0|repeat
OBFR25,sand,9.509781,150,rho~0|repeat
OBFR25,solo,8.766065,150,rho~0|repeat
FINRECDM,laplace,22.047459,150,rho~0|repeat
FINRECDM,raw,19.804327,150,rho~0|repeat
FINRECDM,sand,22.472644,150,rho~0|repeat
FINRECDM,solo,15.444521,150,rho~0|repeat
IOER,laplace,13.462093,150,rho~0|repeat
IOER,raw,16.386586,150,rho~0|repeat
IOER,sand,16.750139,150,rho~0|repeat
IOER,solo,16.928417,150,rho~0|repeat
GBRRECD,laplace,24.061302,150,rho~0|repeat
GBRRECD,raw,19.804327,150,rho~0|repeat
GBRRECD,sand,24.827318,150,rho~0|repeat
GBRRECD,solo,26.648778,150,rho~0|repeat
IORR,laplace,13.462093,150,rho~0|repeat
IORR,raw,16.272010,150,rho~0|repeat
IORR,sand,17.095467,150,rho~0|repeat
IORR,solo,17.582272,150,rho~0|repeat
SWERECDM,laplace,24.061302,150,rho~0|repeat
SWERECDM,raw,19.804327,150,rho~0|repeat
SWERECDM,sand,24.754783,150,rho~0|repeat
SWERECDM,solo,27.484915,150,rho~0|repeat
JPNRECDM,laplace,22.047459,150,rho~0|repeat
JPNRECDM,raw,19.804327,150,rho~0|repeat
JPNRECDM,sand,23.201568,150,rho~0|repeat
JPNRECDM,solo,18.815809,150,rho~0|repeat
INDRECDM,laplace,24.061302,150,rho~0|repeat
INDRECDM,raw,19.804327,150,rho~0|repeat
INDRECDM,sand,25.352485,150,rho~0|repeat
INDRECDM,solo,24.485168,150,rho~0|repeat
RIMLPBAARNB,hier,3.260699,150,rho-0.2..-0.05|cts
SOFR1,hier,4.040279,150,rho-0.2..-0.05|mixed
DCD90,hier,5.391333,150,rho-0.2..-0.05|repeat
T5YIE,hier,3.284841,150,rho0.05..0.2|cts
DTP10J16,hier,0.198005,150,rho0.05..0.2|mixed
FINBETAD678FRBCLE,hier,6.214248,150,rho0.05..0.2|repeat
TEDRATE,hier,2.734983,150,rho<-0.2|cts
FINGT80AAAMT,hier,-5.513804,150,rho<-0.2|mixed
EFFRH,hier,5.459213,150,rho<-0.2|repeat
WDCD678FRBCLE,hier,1.845529,150,rho>0.2|cts
RIFSPPAAAD15NB,hier,4.364927,150,rho>0.2|mixed
DSWP7,hier,2.293424,150,rho~0|cts
IUDSOIA,hier,6.256341,150,rho~0|mixed
LUXRECD,hier,18.439635,150,rho~0|repeat
DFII30,hier,3.224569,150,rho-0.2..-0.05|cts
RIFSPPFAAD15NB,hier,3.794358,150,rho-0.2..-0.05|mixed
DCD1M,hier,6.008597,150,rho-0.2..-0.05|repeat
KCPRU,hier,1.887569,150,rho0.05..0.2|cts
RIFSPPAAAD60NB,hier,3.809052,150,rho0.05..0.2|mixed
DED1,hier,17.780881,150,rho0.05..0.2|repeat
RRPTSYD,hier,-3.063398,150,rho<-0.2|cts
CPFF,hier,1.442266,150,rho<-0.2|mixed
IUDZLS6,hier,8.693715,150,rho<-0.2|repeat
RIFSPPNA2P2D07NB,hier,3.823057,150,rho>0.2|cts
CBSD678FRBCLE,hier,4.171104,150,rho>0.2|mixed
DFII7,hier,2.315864,150,rho~0|cts
TGCR99THPERCENTILE,hier,4.200597,150,rho~0|mixed
DEURECDP,hier,29.198407,150,rho~0|repeat
DGS1,hier,3.497295,150,rho-0.2..-0.05|cts
DSWP1,hier,3.079367,150,rho-0.2..-0.05|mixed
DDFUELUSGULF,hier,1.747030,150,rho0.05..0.2|cts
DTP10L16,hier,0.156812,150,rho0.05..0.2|mixed
OBFR1,hier,6.190748,150,rho0.05..0.2|repeat
SOFRVOL,hier,2.488945,150,rho<-0.2|cts
RPTSYD,hier,1.581230,150,rho<-0.2|mixed
RPONAGYD,hier,8.383948,150,rho<-0.2|repeat
THREEFFTP8,hier,2.304835,150,rho>0.2|cts
LQTYSD678FRBCLE,hier,5.885205,150,rho>0.2|mixed
DDFUELLA,hier,1.684978,150,rho~0|cts
DTB4WK,hier,5.145160,150,rho~0|mixed
OECDNMERECDM,hier,22.126250,150,rho~0|repeat
RIFSPPAAAD30NB,hier,3.509402,150,rho-0.2..-0.05|cts
DTB3,hier,5.312163,150,rho-0.2..-0.05|mixed
IHLIDXUSTPDRIV,hier,4.222024,150,rho0.05..0.2|cts
RIFSPPNA2P2D01NB,hier,5.963753,150,rho0.05..0.2|mixed
IBCOBD678FRBCLE,hier,4.796941,150,rho0.05..0.2|repeat
IUDZLT2,hier,-9.488959,150,rho<-0.2|cts
EFFRL,hier,3.592400,150,rho<-0.2|mixed
JPINTDUSDJPY,hier,11.417496,150,rho<-0.2|repeat
ABSSD678FRBCLE,hier,2.499381,150,rho>0.2|cts
IBMRKTSD678FRBCLE,hier,4.301184,150,rho>0.2|mixed
RIFSPPNA2P2D30NB,hier,3.956237,150,rho~0|cts
RIFSPPNAAD01NB,hier,4.046455,150,rho~0|mixed
CHLRECDP,hier,17.300591,150,rho~0|repeat
DLTIIT,hier,2.621046,150,rho-0.2..-0.05|cts
DGS6MO,hier,4.873700,150,rho-0.2..-0.05|mixed
DTP5A13,hier,0.316937,150,rho0.05..0.2|cts
CMBSSD678FRBCLE,hier,4.109151,150,rho0.05..0.2|repeat
AB59AAAMT,hier,-8.924051,150,rho<-0.2|cts
RPTTLD,hier,0.431832,150,rho<-0.2|mixed
MEXINTDUSD,hier,1.121237,150,rho<-0.2|repeat
SMRKTD678FRBCLE,hier,4.033991,150,rho>0.2|cts
CFSI,hier,3.645971,150,rho>0.2|mixed
AAA10Y,hier,3.086370,150,rho~0|cts
DTP10L17,hier,0.297067,150,rho~0|mixed
TGCR75THPERCENTILE,hier,3.647404,150,rho~0|repeat
DTP10J22,hier,-0.270909,150,rho-0.2..-0.05|cts
DGS3MO,hier,4.888794,150,rho-0.2..-0.05|mixed
THREEFY10,hier,3.260011,150,rho0.05..0.2|cts
RIFSPPFAAD30NB,hier,3.082766,150,rho<-0.2|cts
RIFSPPNAAD90NB,hier,3.461492,150,rho<-0.2|mixed
NONFINGT80AAVOL,hier,-2.183178,150,rho<-0.2|repeat
CPTBSD678FRBCLE,hier,2.833933,150,rho>0.2|cts
IBLSD678FRBCLE,hier,4.042058,150,rho>0.2|mixed
OBMMIC30YFNA,hier,3.294109,150,rho~0|cts
T6MFF,hier,3.986537,150,rho~0|mixed
DPRIME,hier,19.941339,150,rho~0|repeat
TGCRVOLUME,hier,3.046653,150,rho-0.2..-0.05|cts
AAAFF,hier,2.173875,150,rho0.05..0.2|cts
OBFRVOL,hier,0.833375,150,rho<-0.2|cts
NONFIN1020AAVOL,hier,-4.516134,150,rho<-0.2|mixed
TRINTDEXR,hier,24.884543,150,rho<-0.2|repeat
DPROPANEMBTX,hier,2.020389,150,rho>0.2|cts
BBSD678FRBCLE,hier,5.987833,150,rho>0.2|mixed
BAA10Y,hier,3.664040,150,rho~0|cts
DSWP2,hier,2.421048,150,rho~0|mixed
USARECDM,hier,21.086275,150,rho~0|repeat
OBMMIFHA30YF,hier,3.376276,150,rho-0.2..-0.05|cts
BAAFF,hier,2.348831,150,rho0.05..0.2|cts
OBMMIUSDA30YF,hier,2.898359,150,rho<-0.2|cts
DCD6M,hier,4.819063,150,rho<-0.2|mixed
RPAGYD,hier,8.391711,150,rho<-0.2|repeat
SOFR30DAYAVG,hier,5.600326,150,rho>0.2|cts
IHLCHGCATPBAFI,hier,-0.470266,150,rho>0.2|mixed
DGS5,hier,2.918358,150,rho~0|cts
DGS1MO,hier,5.020840,150,rho~0|mixed
RUSRECD,hier,23.642214,150,rho~0|repeat
NONFIN14AAAMT,hier,-9.235946,150,rho-0.2..-0.05|cts
DJFUELUSGULF,hier,1.615997,150,rho0.05..0.2|cts
ABGT80AAAMT,hier,-8.223307,150,rho<-0.2|cts
FIN2140AAVOL,hier,-0.290580,150,rho<-0.2|mixed
FIN4180AAAMT,hier,-1.422230,150,rho<-0.2|repeat
RMBSSD678FRBCLE,hier,4.307038,150,rho>0.2|cts
DTP10J14,hier,0.515827,150,rho>0.2|mixed
DTP30F46,hier,1.919726,150,rho~0|cts
SOFR99,hier,3.632160,150,rho~0|mixed
KORRECD,hier,19.878430,150,rho~0|repeat
T5YIFR,hier,3.550218,150,rho-0.2..-0.05|cts
OBMMIC30YFLVLE80FGE740,hier,3.496355,150,rho0.05..0.2|cts
EFFRVOL,hier,1.231941,150,rho<-0.2|cts
RPONTTLD,hier,0.433494,150,rho<-0.2|mixed
RPMBSD,hier,2.128256,150,rho<-0.2|repeat
IHLIDXUSTPMEDITECH,hier,5.077742,150,rho>0.2|cts
TYCSD678FRBCLE,hier,5.642372,150,rho>0.2|mixed
DAAA,hier,3.559158,150,rho~0|cts
TGCR25THPERCENTILE,hier,3.835725,150,rho~0|mixed
DFEDTARL,hier,22.071894,150,rho~0|repeat
DTB1YR,hier,3.573758,150,rho-0.2..-0.05|cts
T10YIE,hier,3.958347,150,rho0.05..0.2|cts
FIN59AAAMT,hier,-4.815087,150,rho<-0.2|cts
DCPN30,hier,3.583386,150,rho<-0.2|mixed
EFFRSD,hier,3.695928,150,rho<-0.2|repeat
CMRKTSD678FRBCLE,hier,3.646748,150,rho>0.2|cts
RIFSPPAAAD07NB,hier,6.773510,150,rho>0.2|mixed
DBAA,hier,3.596305,150,rho~0|cts
T3MFF,hier,4.240630,150,rho~0|mixed
DNKRECD,hier,14.779592,150,rho~0|repeat
VXTYN,hier,1.068203,150,rho-0.2..-0.05|cts
DTP5A23,hier,-0.418547,150,rho0.05..0.2|cts
KCPRS,hier,0.653980,150,rho<-0.2|cts
TGCR1STPERCENTILE,hier,3.343020,150,rho<-0.2|mixed
IUDZLS9,hier,11.497128,150,rho<-0.2|repeat
DTP10J11,hier,0.603559,150,rho>0.2|cts
IHLCHGUS,hier,3.905752,150,rho>0.2|mixed
T5YFF,hier,1.605798,150,rho~0|cts
SOFR75,hier,3.673019,150,rho~0|mixed
CHNRECD,hier,24.675827,150,rho~0|repeat
SOFRINDEX,hier,8.486822,150,rho-0.2..-0.05|cts
THREEFY8,hier,3.201217,150,rho0.05..0.2|cts
DTP10L21,hier,-0.365724,150,rho<-0.2|cts
FINGT80AAVOL,hier,-2.540322,150,rho<-0.2|mixed
RPONMBSD,hier,2.126862,150,rho<-0.2|repeat
IHLCHGFRTPPECAHOHE,hier,-1.059406,150,rho>0.2|cts
DSWP30,hier,2.460067,150,rho~0|cts
BELRECD,hier,26.619851,150,rho~0|repeat
RIMLPAAARNB,hier,3.021045,150,rho-0.2..-0.05|cts
OBMMIC30YF,hier,3.542371,150,rho0.05..0.2|cts
RRPONTTLD,hier,-3.066449,150,rho<-0.2|cts
RPTSYSAD,hier,1.569546,150,rho<-0.2|mixed
NONFINGT80AAAMT,hier,-5.441670,150,rho<-0.2|repeat
RIFSPPNA2P2D15NB,hier,4.053002,150,rho>0.2|cts
DFII10,hier,2.681418,150,rho~0|cts
IDNRECD,hier,25.922275,150,rho~0|repeat
DFII20,hier,2.588368,150,rho-0.2..-0.05|cts
MKTGT80MKTVOL,hier,-6.301667,150,rho<-0.2|cts
RIFSPPNAAD15NB,hier,3.825880,150,rho<-0.2|mixed
FIN4180AAVOL,hier,2.471124,150,rho<-0.2|repeat
THREEFY1,hier,2.249204,150,rho>0.2|cts
DDFUELNYH,hier,1.789676,150,rho~0|cts
SVNRECDP,hier,31.043119,150,rho~0|repeat
RIFSPPAAAD90NB,hier,4.105725,150,rho-0.2..-0.05|cts
USEPUINDXD,hier,-0.575972,150,rho<-0.2|cts
NONFIN4180AAVOL,hier,-3.580695,150,rho<-0.2|mixed
SOFR90DAYAVG,hier,6.177513,150,rho>0.2|cts
DGS20,hier,3.356021,150,rho~0|cts
POLRECD,hier,15.728725,150,rho~0|repeat
DTP10L19,hier,-0.049884,150,rho-0.2..-0.05|cts
NONFIN2140AAVOL,hier,-4.158570,150,rho<-0.2|cts
FIN2140AAAMT,hier,-4.252381,150,rho<-0.2|mixed
IHLIDXUSMD,hier,5.259114,150,rho>0.2|cts
DTP5A18,hier,0.135361,150,rho~0|cts
DFF,hier,13.202509,150,rho~0|repeat
OBMMIC30YFLVGT80FB720A739,hier,3.102551,150,rho-0.2..-0.05|cts
DCPF1M,hier,3.079520,150,rho<-0.2|cts
RPONTSYD,hier,1.569478,150,rho<-0.2|mixed
DTP10L14,hier,0.547074,150,rho>0.2|cts
T10YFF,hier,1.878382,150,rho~0|cts
ESPRECDM,hier,20.184206,150,rho~0|repeat
NONFIN14AAVOL,hier,-5.696546,150,rho-0.2..-0.05|cts
MKT59MKTAMT,hier,-10.158695,150,rho<-0.2|cts
DCPN2M,hier,3.157768,150,rho<-0.2|mixed
IHLCHGFRTPDRIV,hier,-0.626865,150,rho>0.2|cts
RRPONTSYOFFR,hier,17.647944,150,rho~0|repeat
T10Y2Y,hier,3.465311,150,rho-0.2..-0.05|cts
RRPTTLD,hier,-3.060384,150,rho<-0.2|cts
CANRECD,hier,21.950960,150,rho~0|repeat
DTB6,hier,5.120210,150,rho-0.2..-0.05|cts
AB14AAAMT,hier,-8.996893,150,rho<-0.2|cts
TURRECD,hier,22.085667,150,rho~0|repeat
RIFSPPFAAD60NB,hier,2.628787,150,rho<-0.2|cts
MEXRECDM,hier,20.162206,150,rho~0|repeat
OBMMIC30YFLVLE80FB700A719,hier,2.883585,150,rho<-0.2|cts
ZAFRECDP,hier,20.515898,150,rho~0|repeat
ABGT80AAVOL,hier,-4.807235,150,rho<-0.2|cts
PRTRECDM,hier,26.740768,150,rho~0|repeat
FIN14AAAMT,hier,-8.262833,150,rho<-0.2|cts
NORRECDM,hier,18.961276,150,rho~0|repeat
DTP10J21,hier,-0.602780,150,rho<-0.2|cts
SVKRECDM,hier,32.778609,150,rho~0|repeat
RRPONTSYD,hier,-3.068603,150,rho<-0.2|cts
GRCRECD,hier,20.847293,150,rho~0|repeat
MKTGT80MKTAMT,hier,-9.625879,150,rho<-0.2|cts
HUNRECDM,hier,20.089062,150,rho~0|repeat
NONFIN14A2P2VOL,hier,-5.587153,150,rho<-0.2|cts
FRARECDM,hier,21.923248,150,rho~0|repeat
DCPF2M,hier,2.618880,150,rho<-0.2|cts
SOFR25,hier,3.169528,150,rho~0|repeat
MKT4180MKTVOL,hier,-5.683897,150,rho<-0.2|cts
CHERECD,hier,21.254775,150,rho~0|repeat
ITARECD,hier,20.138947,150,rho~0|repeat
MAJOR5ASIARECD,hier,24.307736,150,rho~0|repeat
MSCRECD,hier,14.984875,150,rho~0|repeat
NAFTARECDM,hier,20.005858,150,rho~0|repeat
NDLRECDP,hier,21.580051,150,rho~0|repeat
DED3,hier,12.913352,150,rho~0|repeat
CZERECDP,hier,26.540036,150,rho~0|repeat
EFFR,hier,14.820752,150,rho~0|repeat
SRFTSYD,hier,16.715492,150,rho~0|repeat
OBFR25,hier,8.790995,150,rho~0|repeat
FINRECDM,hier,20.162347,150,rho~0|repeat
IOER,hier,17.625405,150,rho~0|repeat
GBRRECD,hier,20.957383,150,rho~0|repeat
IORR,hier,17.144402,150,rho~0|repeat
SWERECDM,hier,22.279292,150,rho~0|repeat
JPNRECDM,hier,20.118928,150,rho~0|repeat
INDRECDM,hier,21.457065,150,rho~0|repeat
